"cleabs","identifiant_rnb","liens_vers_batiment","informations_rnb","geometrie_enveloppe","nom","commentaire_centralise","commentaire_collecteur","gcms_detruit","gcms_date_creation","gcms_date_modification","gcms_date_destruction","diffusion","gcms_numrec","gcms_territoire","gcms_fingerprint","exception_legitime","gcvs_empreinte","traitement","gcvs_nom_lot","geometrie",status,event_type,parent_buildings
BAT_RNB_0000002444588922,"9CBBYMAC62TX",BATIMENT0000000312610436,"{""ext_ids"": [{""id"": ""bdnb-bc-J5KK-ZGAR-2PS3"", ""source"": ""bdnb"", ""created_at"": ""2023-12-09T22:13:14.919754+00:00"", ""source_version"": ""2023_01""}, {""id"": ""BATIMENT0000000312610436"", ""source"": ""bdtopo"", ""created_at"": ""2023-12-21T22:52:53.100986+00:00"", ""source_version"": ""bdtopo_2023_09""}], ""created_at"": ""2023-12-12T17:55:19.502261+01:00"", ""updated_at"": ""2023-12-22T19:29:52.441788+01:00"", ""identifiants_ban"": [""45004_1645_00079""]}","MULTIPOLYGON (((684086.4 6764191.5, 684081.1 6764179.799999998, 684089.4 6764175.8, 684094.9 6764187.799999999, 684086.4 6764191.5)))",,,,false,2024-04-26 16:26:28.070,2024-06-13 13:44:54.040,,true,47291703,FXX,bab4f37e99a4c124910bd75714cb8d0a,,"LINESTRING (684088 6764183.8, 684088 6764183.8)",Croisement sémantique,RNB_dep_45,POINT (684088 6764183.8),,,
BAT_RNB_0000002444588925,"9CBEW6338EPA",BATIMENT0000000208785043,"{""ext_ids"": [{""id"": ""bdnb-bc-8944-WLRC-CUQR"", ""source"": ""bdnb"", ""created_at"": ""2023-12-09T22:13:06.417439+00:00"", ""source_version"": ""2023_01""}, {""id"": ""BATIMENT0000000208785043"", ""source"": ""bdtopo"", ""created_at"": ""2023-12-21T22:47:17.598100+00:00"", ""source_version"": ""bdtopo_2023_09""}], ""created_at"": ""2023-12-13T14:22:16.856881+01:00"", ""updated_at"": ""2023-12-22T12:09:31.288212+01:00"", ""identifiants_ban"": [""45100_0040_00003""]}","MULTIPOLYGON (((624433.7 6756154.699999998, 624433.4 6756153.699999999, 624430.8 6756147.200000001, 624445.2 6756141.900000003, 624448 6756149.3, 624433.7 6756154.699999998)))",,,,false,2024-04-26 16:26:28.070,2024-06-13 13:44:54.040,,true,47291703,FXX,"8ac858e89b596fc1ca063f00717cb116",,"LINESTRING (624439.4 6756148.2, 624439.4 6756148.2)",Croisement sémantique,RNB_dep_45,POINT (624439.4 6756148.2),,,
BAT_RNB_0000002444588926,"9CBJET9XEA36",BATIMENT0000000209791108,"{""ext_ids"": [{""id"": ""bdnb-bc-XBY2-R91W-JRSX"", ""source"": ""bdnb"", ""created_at"": ""2023-12-09T22:13:26.409430+00:00"", ""source_version"": ""2023_01""}, {""id"": ""BATIMENT0000000209791108"", ""source"": ""bdtopo"", ""created_at"": ""2023-12-21T22:49:00.335830+00:00"", ""source_version"": ""bdtopo_2023_09""}], ""created_at"": ""2023-12-13T13:52:14.148262+01:00"", ""updated_at"": ""2023-12-26T15:21:36.048559+01:00"", ""identifiants_ban"": [""45234_1660_00018""]}","MULTIPOLYGON (((618031.5 6754800.799999998, 618029 6754799.999999999, 618029.3 6754795.799999998, 618032.9 6754797.000000001, 618033.2 6754796.1, 618036.5 6754797.1, 618036.8 6754792.499999999, 618037.3 6754785.8, 618037.5 6754785.8, 618037.7 6754782.100000001, 618040.4 6754779.700000001, 618042.3 6754779.800000002, 618042.2 6754781.499999999, 618041.3 6754792.9, 618040.9 6754798.3, 618040.5 6754803.599999997, 618040.3000000002 6754803.500000001, 618031.5 6754800.799999998)))",,,,false,2024-04-26 16:26:28.070,2024-06-13 13:44:54.040,,true,47291703,FXX,b6bb2a788031cc390ee8a8d1fb314474,,"LINESTRING (618039.3 6754789.1, 618039.3 6754789.1)",Croisement sémantique,RNB_dep_45,POINT (618039.3 6754789.1),,,
BAT_RNB_0000002444588927,"9CCPGXN1B5CG",BATIMENT0000000212344005,"{""ext_ids"": [{""id"": ""bdnb-bc-26L1-WA6E-V94K"", ""source"": ""bdnb"", ""created_at"": ""2023-12-09T22:13:01.203649+00:00"", ""source_version"": ""2023_01""}, {""id"": ""BATIMENT0000000212344005"", ""source"": ""bdtopo"", ""created_at"": ""2023-12-21T22:51:57.797542+00:00"", ""source_version"": ""bdtopo_2023_09""}], ""created_at"": ""2023-12-12T21:58:20.014631+01:00"", ""updated_at"": ""2023-12-26T19:02:00.877292+01:00"", ""identifiants_ban"": [""45104_0223_00003""]}","MULTIPOLYGON (((677810.2 6771391.700000001, 677811.4 6771393.3, 677801.1 6771401.4, 677804.8 6771406.000000001, 677800.1 6771409.8, 677796.1 6771404.999999999, 677797.3 6771403.9, 677796.8 6771403.000000001, 677796.3 6771402.300000002, 677810.2 6771391.700000001)))",,,,false,2024-04-26 16:26:28.070,2024-06-13 13:44:54.040,,true,47291703,FXX,ed39da7e8475815d9d22258e1943bc48,,"LINESTRING (677804.5 6771397.4, 677804.5 6771397.4)",Croisement sémantique,RNB_dep_45,POINT (677804.5 6771397.4),,,
BAT_RNB_0000002444588928,"9CCQJ2SQWTJ5",BATIMENT0000000316789088,"{""ext_ids"": [{""id"": ""bdnb-bc-EBNW-UZB5-TNS4"", ""source"": ""bdnb"", ""created_at"": ""2023-12-09T22:13:11.645810+00:00"", ""source_version"": ""2023_01""}, {""id"": ""BATIMENT0000000316789088"", ""source"": ""bdtopo"", ""created_at"": ""2023-12-21T23:00:45.490655+00:00"", ""source_version"": ""bdtopo_2023_09""}], ""created_at"": ""2023-12-12T09:14:04.731833+01:00"", ""updated_at"": ""2023-12-24T12:50:59.970816+01:00"", ""identifiants_ban"": [""45229-B043-5044""]}","MULTIPOLYGON (((682102.5 6748206.899999999, 682110.9 6748203.300000002, 682107 6748188.200000001, 682094.4 6748191.900000002, 682093.8 6748204.9, 682100.9 6748202.8, 682102.5 6748206.899999999)))",,,,false,2024-04-26 16:26:28.070,2024-06-13 13:44:54.040,,true,47291703,FXX,da0826a8699aa9d1efbbc308c19a6305,,"LINESTRING (682101.8 6748197.3, 682101.8 6748197.3)",Croisement sémantique,RNB_dep_45,POINT (682101.8 6748197.3),,,
BAT_RNB_0000002444588930,"9CD5SV226HQZ",BATIMENT0000000213602085/BATIMENT0000000213602091,"{""ext_ids"": [{""id"": ""bdnb-bc-H613-7LQ9-AZKQ"", ""source"": ""bdnb"", ""created_at"": ""2023-12-09T22:13:14.080680+00:00"", ""source_version"": ""2023_01""}, {""id"": ""BATIMENT0000000213602085"", ""source"": ""bdtopo"", ""created_at"": ""2023-12-21T22:52:49.585336+00:00"", ""source_version"": ""bdtopo_2023_09""}], ""created_at"": ""2023-12-11T07:29:03.457589+01:00"", ""updated_at"": ""2023-12-27T01:39:05.889462+01:00"", ""identifiants_ban"": [""45155_0120_00070""]}","MULTIPOLYGON (((671868.4 6731862.900000002, 671870.1 6731865.499999999, 671870.5 6731866.200000002, 671870.6 6731866.3, 671871.3 6731865.800000001, 671872.6 6731864.999999999, 671873.2 6731864.6, 671874.6 6731863.700000001, 671876.1 6731866.200000002, 671877.5 6731868.7, 671873.8 6731871.500000001, 671876.3 6731875.2, 671873 6731877.499999999, 671872 6731876.000000001, 671863.5 6731863.2, 671857.7 6731854.4, 671861.5 6731852.1000000015, 671868.2999999999 6731862.700000001, 671868.4 6731862.900000002)))",,,,false,2024-04-26 16:26:28.070,2024-06-13 13:44:54.040,,true,47291703,FXX,"88aa9d1361dacde534fbfe4f797b10c6",,"LINESTRING (671867.1 6731864.8, 671867.1 6731864.8)",Croisement sémantique/Batiments BDTOPO balcon,RNB_dep_45,POINT (671867.1 6731864.8),,,
BAT_RNB_0000002466797919,XQM2SE548PVR,BATIMENT0000000289910078,"{""ext_ids"": [{""id"": ""bdnb-bc-KR1J-7KTR-Z14G"", ""source"": ""bdnb"", ""created_at"": ""2024-02-06T14:23:36.566062+00:00"", ""source_version"": ""2023_01""}, {""id"": ""BATIMENT0000000289910078"", ""source"": ""bdtopo"", ""created_at"": ""2024-02-08T09:58:33.802396+00:00"", ""source_version"": ""bdtopo_2023_09""}], ""created_at"": ""2024-02-06T21:10:59.896853+01:00"", ""updated_at"": ""2024-02-08T18:49:35.888122+01:00"", ""identifiants_ban"": [""59641_0131_01049""]}","MULTIPOLYGON (((663948.3 7096576.999999999, 663952.6 7096579.499999998, 663955.1 7096575.100000001, 663950.8 7096572.599999999, 663948.3 7096576.999999999)))",,,,false,2024-04-26 17:08:43.839,2024-06-13 13:44:16.704,,true,47291693,FXX,"6e0f1fa37c96819f300700895fe12a7f",,"LINESTRING (663951.7 7096576, 663951.7 7096576)",Croisement sémantique,RNB_dep_59,POINT (663951.7 7096576),,,
BAT_RNB_0000002466798383,Y1BSK256EZ6T,BATIMENT0000000291174013,"{""ext_ids"": [{""id"": ""bdnb-bc-JFK1-3YCQ-QSUB"", ""source"": ""bdnb"", ""created_at"": ""2024-02-06T14:23:33.168059+00:00"", ""source_version"": ""2023_01""}, {""id"": ""BATIMENT0000000291174013"", ""source"": ""bdtopo"", ""created_at"": ""2024-02-08T10:03:29.688412+00:00"", ""source_version"": ""bdtopo_2023_09""}], ""created_at"": ""2024-02-07T01:55:45.63934+01:00"", ""updated_at"": ""2024-02-08T20:39:15.535213+01:00"", ""identifiants_ban"": [""59391_0320_00010""]}","MULTIPOLYGON (((721679.6 7023226.400000001, 721681.9 7023223.400000001, 721675.5 7023219, 721677.6 7023216.000000001, 721685 7023220.699999999, 721687.5 7023217.4, 721690 7023212.2, 721691.8 7023214.100000001, 721686 7023231.400000002, 721679.6 7023226.400000001)))",,,,false,2024-04-26 17:08:43.839,2024-06-13 13:44:16.704,,true,47291693,FXX,abe3210f7316a8598012cb17a8315eea,,"LINESTRING (721684.5 7023222.1, 721684.5 7023222.1)",Croisement sémantique,RNB_dep_59,POINT (721684.5 7023222.1),,,
BAT_RNB_0000002440291994,S3A36P4HEFWR,BATIMENT0000000323904009,"{""ext_ids"": [{""id"": ""bdnb-bc-9LMB-L39Z-ZDZJ"", ""source"": ""bdnb"", ""created_at"": ""2023-12-09T20:29:14.070848+00:00"", ""source_version"": ""2023_01""}], ""created_at"": ""2023-12-13T05:12:12.744375+01:00"", ""updated_at"": ""2023-12-13T05:12:12.744397+01:00"", ""identifiants_ban"": [""36016_0175_00010""]}","MULTIPOLYGON (((559999.8310879068 6603957.159111106, 559999.6882299634 6603961.304303899, 560003.7 6603961.5, 560003.8 6603956.2, 559999.8643116748 6603956.036012986, 559999.8310879068 6603957.159111106)))",,,,false,2024-04-26 15:53:23.836,2024-06-13 13:45:40.782,,true,47291704,FXX,"9d8bde8d150ad963c86c4ab37a15d787",,"LINESTRING (560001.8 6603959.2, 560001.8 6603959.2)",Batiments semblables nbpt diff,RNB_dep_36,POINT (560001.8 6603959.2),,,
BAT_RNB_0000002466798410,Y1WKJFD8GC1P,BATIMENT0000000288895051/BATIMENT0000000288895050,"{""ext_ids"": [{""id"": ""bdnb-bc-MX7K-LVHQ-T3SL"", ""source"": ""bdnb"", ""created_at"": ""2024-02-06T14:23:42.270386+00:00"", ""source_version"": ""2023_01""}, {""id"": ""BATIMENT0000000288895050"", ""source"": ""bdtopo"", ""created_at"": ""2024-02-08T09:52:48.217708+00:00"", ""source_version"": ""bdtopo_2023_09""}], ""created_at"": ""2024-02-07T13:52:28.423116+01:00"", ""updated_at"": ""2024-02-08T20:38:14.094869+01:00"", ""identifiants_ban"": [""59497_0020_00072""]}","MULTIPOLYGON (((655085.7 7070667.5, 655083.7 7070670, 655082.1 7070668.800000002, 655076.7 7070675.4, 655083.2 7070680.6, 655086.2 7070676.499999999, 655088.5 7070673.9, 655090.3 7070675.4, 655099.4 7070682.499999999, 655100.3 7070681.5, 655101.3 7070680.2, 655098.9 7070678.3, 655085.7 7070667.5)))",,,,false,2024-04-26 17:08:43.839,2024-06-13 13:44:16.704,,true,47291693,FXX,fc1fc27078701adda9fb93ca59658d9a,,"LINESTRING (655082.6 7070674.7, 655082.6 7070674.7)",Batiments BDTOPO balcon/Croisement sémantique,RNB_dep_59,POINT (655082.6 7070674.7),,,
BAT_RNB_0000002466801351,ZWJQ1VP9G1X9,BATIMENT0000000289846975,"{""ext_ids"": [{""id"": ""bdnb-bc-5HJY-48AL-Q95B"", ""source"": ""bdnb"", ""created_at"": ""2024-02-06T14:22:59.254068+00:00"", ""source_version"": ""2023_01""}, {""id"": ""BATIMENT0000000289846975"", ""source"": ""bdtopo"", ""created_at"": ""2024-02-08T09:39:26.223779+00:00"", ""source_version"": ""bdtopo_2023_09""}], ""created_at"": ""2024-02-07T04:53:46.800509+01:00"", ""updated_at"": ""2024-02-08T23:14:35.850413+01:00"", ""identifiants_ban"": [""59324_0430_00049""]}","MULTIPOLYGON (((779285.4 7022707.800000001, 779297.3 7022715.8, 779300.1 7022711.7, 779306.9 7022716.3, 779302.5999999999 7022722.8, 779301.6 7022722.2, 779296.5000000001 7022718.9, 779291.9 7022715.899999999, 779283.5 7022710.500000001, 779285.4 7022707.800000001)))",,,,false,2024-04-26 17:08:43.839,2024-06-13 13:44:16.704,,true,47291693,FXX,"2171e4683474274ab8df144ad936bae7",,"LINESTRING (779291.2 7022713.6, 779291.2 7022713.6)",Croisement sémantique,RNB_dep_59,POINT (779291.2 7022713.6),,,
BAT_RNB_0000002440267236,"57NH38G65EJJ",BATIMENT0000000228068503,"{""ext_ids"": [{""id"": ""bdnb-bc-L187-VYY9-XM2T"", ""source"": ""bdnb"", ""created_at"": ""2023-12-09T20:29:19.434955+00:00"", ""source_version"": ""2023_01""}], ""created_at"": ""2023-12-11T18:32:13.446236+01:00"", ""updated_at"": ""2023-12-11T18:32:13.446254+01:00"", ""identifiants_ban"": [""36091_0010_00023""]}","MULTIPOLYGON (((623640.6 6608067.900000002, 623644.5 6608064.999999999, 623649.9 6608072.399999998, 623645.8 6608074.8999999985, 623640.6 6608067.900000002)))",,,,false,2024-04-26 15:53:23.836,2024-06-13 13:45:40.782,,true,47291704,FXX,"01515c2831d449e17e5de9c11d4f413a",,"LINESTRING (623645.3 6608070.1, 623645.3 6608070.1)",Batiments semblables,RNB_dep_36,POINT (623645.3 6608070.1),,,
BAT_RNB_0000002440267830,"5PS4HCPBVJZ2",BATIMENT0000000324224657,"{""ext_ids"": [{""id"": ""bdnb-bc-R42S-T8TA-8UU7"", ""source"": ""bdnb"", ""created_at"": ""2023-12-09T20:29:22.245831+00:00"", ""source_version"": ""2023_01""}], ""created_at"": ""2023-12-12T18:51:11.546468+01:00"", ""updated_at"": ""2023-12-12T18:51:11.546494+01:00"", ""identifiants_ban"": [""36093-B121-5631""]}","MULTIPOLYGON (((593124 6654880.8, 593121.3 6654883.500000002, 593121 6654883.9, 593114.3 6654878.200000001, 593116.4000000001 6654875.600000002, 593117.1 6654874.800000001, 593124 6654880.8)))",,,,false,2024-04-26 15:53:23.836,2024-06-13 13:45:40.782,,true,47291704,FXX,"76161c819ffde7ae71db29ff345acbc0",,"LINESTRING (593119.2 6654879.5, 593119.2 6654879.5)",Batiments semblables,RNB_dep_36,POINT (593119.2 6654879.5),,,
BAT_RNB_0000002462053281,CC6X4QVW7KG9,BATIMENT0000002012030420,"{""ext_ids"": [{""id"": ""bdnb-bc-SC7V-Q1GD-TG53"", ""source"": ""bdnb"", ""created_at"": ""2023-12-10T08:59:06.211066+00:00"", ""source_version"": ""2023_01""}], ""created_at"": ""2023-12-11T00:56:38.657914+01:00"", ""updated_at"": ""2023-12-11T00:56:38.657924+01:00"", ""identifiants_ban"": [""65198_0096_00008""]}","MULTIPOLYGON (((469021.7000000001 6222138.900000001, 469022.30000000005 6222138.700000001, 469022.8 6222140.2, 469024.60000000003 6222146.199999999, 469024.70000000007 6222146.699999999, 469021.7 6222147.699999999, 469020 6222141.999999999, 469019.29999999993 6222139.699999997, 469021.7000000001 6222138.900000001)))",,,,false,2024-04-26 17:08:43.839,2024-06-13 13:44:53.563,,true,47291702,FXX,"69549736566aff54a879f03577f2c473",,"LINESTRING (469022.3 6222144.1, 469022.3 6222144.1)",Batiments semblables,RNB_dep_65,POINT (469022.3 6222144.1),,,
BAT_RNB_0000002453005576,"5B2QMF9CPRQH",BATIMENT0000002203765308,"{""ext_ids"": [{""id"": ""bdnb-bc-V3S4-9FQF-8EVH"", ""source"": ""bdnb"", ""created_at"": ""2023-12-11T14:16:08.140450+00:00"", ""source_version"": ""2023_01""}], ""created_at"": ""2023-12-11T16:44:20.106805+01:00"", ""updated_at"": ""2023-12-11T16:44:20.106833+01:00"", ""identifiants_ban"": [""83060_b079_00001""]}","MULTIPOLYGON (((951949.1999999998 6282663.200000002, 951952.2 6282665, 951958.8 6282653.7, 951956.2 6282651.400000001, 951949.1999999998 6282663.200000002)))",,,,false,2024-04-26 17:03:35.008,2024-06-13 13:44:54.040,,true,47291703,FXX,ff0d7c4c6f0eb08250bbd7f0418755ca,,"LINESTRING (951954 6282658.5, 951954 6282658.5)",Batiments semblables,RNB_dep_83,POINT (951954 6282658.5),,,
BAT_RNB_0000002453005374,"5744KG6XCKRX",BATIMENT0000002203838829,"{""ext_ids"": [{""id"": ""bdnb-bc-8VGJ-JEMT-PN8Y"", ""source"": ""bdnb"", ""created_at"": ""2023-12-11T14:15:39.484014+00:00"", ""source_version"": ""2023_01""}], ""created_at"": ""2023-12-13T17:12:55.872231+01:00"", ""updated_at"": ""2023-12-13T17:12:55.872251+01:00"", ""identifiants_ban"": [""83076_0110_00670""]}","MULTIPOLYGON (((935604.1999999997 6254649.800000001, 935602.4000000001 6254649, 935599.1 6254656.799999998, 935603 6254658.5, 935606.2999999999 6254650.700000002, 935604.1999999997 6254649.800000001)))",,,,false,2024-04-26 17:03:35.008,2024-06-13 13:44:54.040,,true,47291703,FXX,"075e437487a0f6a5cd40dd1be7313c48",,"LINESTRING (935602.7 6254653.7, 935602.7 6254653.7)",Batiments semblables,RNB_dep_83,POINT (935602.7 6254653.7),,,
BAT_RNB_0000002453005481,"598VEB4X3QFV",BATIMENT0000002203383521,"{""ext_ids"": [{""id"": ""bdnb-bc-P9H4-Z7ME-FSVK"", ""source"": ""bdnb"", ""created_at"": ""2023-12-11T14:15:59.877026+00:00"", ""source_version"": ""2023_01""}], ""created_at"": ""2023-12-13T16:26:44.228173+01:00"", ""updated_at"": ""2023-12-13T16:26:44.228192+01:00"", ""identifiants_ban"": [""83064_0025_00008""]}","MULTIPOLYGON (((947329.7 6254085.6, 947337.6000000001 6254087.2, 947339 6254080.2, 947335.3 6254079.500000002, 947333.3 6254079.099999998, 947334.6 6254072.9, 947328.1 6254071.6, 947324.7 6254088.3, 947328.9000000001 6254089.2, 947329.7 6254085.6)))",,,,false,2024-04-26 17:03:35.008,2024-06-13 13:44:54.040,,true,47291703,FXX,"221045eae4a60b6cf97895dd4352f6c8",,"LINESTRING (947332.1 6254082.8, 947332.1 6254082.8)",Batiments semblables,RNB_dep_83,POINT (947332.1 6254082.8),,,
BAT_RNB_0000002440269068,"6PH77HRX5QPS",BATIMENT0000000323875164,"{""ext_ids"": [{""id"": ""bdnb-bc-BP7X-3XTN-EUG8"", ""source"": ""bdnb"", ""created_at"": ""2023-12-09T20:29:15.143898+00:00"", ""source_version"": ""2023_01""}], ""created_at"": ""2023-12-11T12:48:42.893727+01:00"", ""updated_at"": ""2023-12-11T12:48:42.893755+01:00"", ""identifiants_ban"": [""36120_0100_00015""]}","MULTIPOLYGON (((614342.6000000001 6617753.500000001, 614341.6000000001 6617759.000000001, 614334.1 6617757.4, 614335.1 6617752.1, 614342.6000000001 6617753.500000001)))",,,,false,2024-04-26 15:53:23.836,2024-06-13 13:45:40.782,,true,47291704,FXX,"6a01cb8bf63a24ec0448b6df99a942ce",,"LINESTRING (614338.4 6617755.4, 614338.4 6617755.4)",Batiments semblables,RNB_dep_36,POINT (614338.4 6617755.4),,,
BAT_RNB_0000002440269095,"6Q3Z4FR3C4S6",BATIMENT0000000324511228,"{""ext_ids"": [{""id"": ""bdnb-bc-7YAL-D3ZE-SYHB"", ""source"": ""bdnb"", ""created_at"": ""2023-12-09T20:29:13.241939+00:00"", ""source_version"": ""2023_01""}], ""created_at"": ""2023-12-13T02:57:36.969504+01:00"", ""updated_at"": ""2023-12-13T02:57:36.969515+01:00"", ""identifiants_ban"": [""36005_0236_00024""]}","MULTIPOLYGON (((607481.9 6626622, 607475.2 6626618.8, 607479 6626611.700000001, 607485.1 6626614.800000001, 607481.9 6626622)))",,,,false,2024-04-26 15:53:23.836,2024-06-13 13:45:40.782,,true,47291704,FXX,"0a5a73a98fa70dc0ef06ff0e411dd6cf",,"LINESTRING (607480.2 6626616.8, 607480.2 6626616.8)",Batiments semblables,RNB_dep_36,POINT (607480.2 6626616.8),,,
BAT_RNB_0000002463244527,V1FZEB2B855V,BATIMENT0000000312195576,"{""ext_ids"": [{""id"": ""bdnb-bc-GWDZ-UMSC-AQPU"", ""source"": ""bdnb"", ""created_at"": ""2023-12-10T08:42:57.410355+00:00"", ""source_version"": ""2023_01""}], ""created_at"": ""2023-12-12T13:54:28.146708+01:00"", ""updated_at"": ""2023-12-12T13:54:28.146722+01:00"", ""identifiants_ban"": [""63335_n06oub_00012""]}","MULTIPOLYGON (((701784.6 6491362.8, 701803.3 6491357.600000001, 701807.7000000001 6491356.400000001, 701804.9 6491342.599999999, 701802.4 6491342.899999999, 701802.8 6491348.799999998, 701799.7 6491349.599999998, 701782.7 6491354.099999998, 701784.6 6491362.8)))",,,,false,2024-04-26 17:08:43.839,2024-06-13 13:44:53.563,,true,47291702,FXX,"859f9c1075ef8ee83cb53086603987f2",,"LINESTRING (701799 6491351.9, 701799 6491351.9)",Batiments semblables,RNB_dep_63,POINT (701799 6491351.9),,,
BAT_RNB_0000002463571472,MR73MZHPEKSD,BATIMENT0000000293813384,"{""ext_ids"": [{""id"": ""bdnb-bc-4XBR-64PB-SDCN"", ""source"": ""bdnb"", ""created_at"": ""2023-12-10T08:32:54.571079+00:00"", ""source_version"": ""2023_01""}], ""created_at"": ""2023-12-11T13:27:34.123852+01:00"", ""updated_at"": ""2023-12-11T13:27:34.123864+01:00"", ""identifiants_ban"": [""62261_0430_00303""]}","MULTIPOLYGON (((602355.2 7046228.099999999, 602341.4 7046234.8, 602339.8 7046231.6, 602346.3 7046228.300000001, 602345.2 7046226.1, 602352.5 7046222.400000001, 602355.2 7046228.099999999)))",,,,false,2024-04-26 17:08:43.839,2024-06-13 13:44:53.563,,true,47291702,FXX,fbd8e4157ea579cbff261479cad36287,,"LINESTRING (602347.4 7046229.9, 602347.4 7046229.9)",Batiments semblables,RNB_dep_62,POINT (602347.4 7046229.9),,,
BAT_RNB_0000002453006936,"663FG7P11FBM",BATIMENT0000000324880449,"{""ext_ids"": [{""id"": ""bdnb-bc-W8K7-B7NB-YAAC"", ""source"": ""bdnb"", ""created_at"": ""2023-12-11T14:16:09.771593+00:00"", ""source_version"": ""2023_01""}], ""created_at"": ""2023-12-12T04:42:14.206105+01:00"", ""updated_at"": ""2023-12-12T04:42:14.206134+01:00"", ""identifiants_ban"": [""83075_m4yxge_00064""]}","MULTIPOLYGON (((972058.2998389432 6252268.895474339, 972061.886074141 6252272.141774255, 972063.9 6252269.800000001, 972058.3000000002 6252265, 972056.4032796781 6252267.182527492, 972058.2998389432 6252268.895474339)))",,,,false,2024-04-26 17:03:35.008,2024-06-13 13:44:54.040,,true,47291703,FXX,"63422842178a30684a84753a04fd083d",,"LINESTRING (972059.7 6252268.1, 972059.7 6252268.1)",Batiments semblables nbpt diff,RNB_dep_83,POINT (972059.7 6252268.1),,,
BAT_RNB_0000002453010705,"8CDKQ5QE31V8",BATIMENT0000000327417371,"{""ext_ids"": [{""id"": ""bdnb-bc-DASL-16M8-CPBH"", ""source"": ""bdnb"", ""created_at"": ""2023-12-11T14:15:45.775190+00:00"", ""source_version"": ""2023_01""}], ""created_at"": ""2023-12-12T19:51:29.113594+01:00"", ""updated_at"": ""2023-12-12T19:51:29.113607+01:00"", ""identifiants_ban"": [""83058_zgm7o4_00003""]}","MULTIPOLYGON (((974726.1365169716 6276451.976076503, 974733.6119468468 6276456.7580452915, 974735.1 6276450.4, 974729.4035679245 6276447.326924801, 974726.1365169716 6276451.976076503)))",,,,false,2024-04-26 17:03:35.008,2024-06-13 13:44:54.040,,true,47291703,FXX,"0c68defe0d9b9bc4417cc6ccdf1754ce",,"LINESTRING (974730.8 6276451.2, 974730.8 6276451.2)",Batiments semblables nbpt diff,RNB_dep_83,POINT (974730.8 6276451.2),,,
BAT_RNB_0000002453012757,"9JZE4XYTXHWD",BATIMENT0000000325473627,"{""ext_ids"": [{""id"": ""bdnb-bc-NEZG-HWJK-QUHS"", ""source"": ""bdnb"", ""created_at"": ""2023-12-11T14:15:58.697575+00:00"", ""source_version"": ""2023_01""}], ""created_at"": ""2023-12-13T10:03:06.625755+01:00"", ""updated_at"": ""2023-12-13T10:03:06.625776+01:00"", ""identifiants_ban"": [""83026_benajy_00017"", ""83026_benajy_00011""]}","MULTIPOLYGON (((960881.9975279297 6263781.7031676425, 960881.0576939634 6263782.877397368, 960878.8366224975 6263785.445540993, 960886.2046495824 6263788.720929918, 960887.6 6263789.000000004, 960888.5999999999 6263787.200000002, 960889.3410297928 6263785.846815161, 960881.9975279297 6263781.7031676425)))",,,,false,2024-04-26 17:03:35.008,2024-06-13 13:44:54.040,,true,47291703,FXX,"22dec320c1f86849faa3de45b6c30339",,"LINESTRING (960883.4 6263784.3, 960883.4 6263784.3)",Batiments semblables nbpt diff,RNB_dep_83,POINT (960883.4 6263784.3),,,
BAT_RNB_0000002453018863,D77N6TWD6DJ4,BATIMENT0000000325682576/BATIMENT0000000325682577,"{""ext_ids"": [{""id"": ""bdnb-bc-AVFH-BLFH-R81J"", ""source"": ""bdnb"", ""created_at"": ""2023-12-11T14:15:42.338406+00:00"", ""source_version"": ""2023_01""}], ""created_at"": ""2023-12-11T22:55:26.139636+01:00"", ""updated_at"": ""2023-12-11T22:55:26.139659+01:00"", ""identifiants_ban"": [""83115_mz87ve_00019""]}","MULTIPOLYGON (((992866.4000000001 6251789.200000001, 992867.6 6251790.200000002, 992872.5000000001 6251784.099999999, 992872.5999999999 6251783.899999999, 992868.8030023437 6251780.78103764, 992863.7216048986 6251787.057283917, 992866.4000000001 6251789.200000001)))",,,,false,2024-04-26 17:03:35.008,2024-06-13 13:44:54.040,,true,47291703,FXX,"2aac4c6f79934f0437b433294259655b",,"LINESTRING (992868.1 6251785.6, 992868.1 6251785.6)",Batiments semblables nbpt diff/Batiments BDTOPO balcon,RNB_dep_83,POINT (992868.1 6251785.6),,,
BAT_RNB_0000002462045723,"5RWNC2ASXQHY",BATIMENT0000002012014832,"{""ext_ids"": [{""id"": ""bdnb-bc-9K45-WBQF-GQ8E"", ""source"": ""bdnb"", ""created_at"": ""2023-12-10T08:58:57.501963+00:00"", ""source_version"": ""2023_01""}], ""created_at"": ""2023-12-13T00:06:43.602425+01:00"", ""updated_at"": ""2023-12-13T00:06:43.602439+01:00"", ""identifiants_ban"": [""65274-B002-5042""]}","MULTIPOLYGON (((488620.0999999999 6242629.400000001, 488621.1000000001 6242635.000000002, 488608.6 6242637.3, 488607.6 6242631.6, 488620.0999999999 6242629.400000001)))",,,,false,2024-04-26 17:08:43.839,2024-06-13 13:44:53.563,,true,47291702,FXX,d10f86de98a510d1a3465caad847e389,,"LINESTRING (488614.3 6242633.3, 488614.3 6242633.3)",Batiments semblables nbpt diff,RNB_dep_65,POINT (488614.3 6242633.3),,,
BAT_RNB_0000002458100893,"5RPC3372PCJT",,"{""ext_ids"": [{""id"": ""bdnb-bc-461M-62K5-GYED"", ""source"": ""bdnb"", ""created_at"": ""2023-12-10T10:07:36.454182+00:00"", ""source_version"": ""2023_01""}], ""created_at"": ""2023-12-11T00:54:32.002179+01:00"", ""updated_at"": ""2023-12-11T00:54:32.002191+01:00"", ""identifiants_ban"": [""73241_0085_00580""]}","MULTIPOLYGON (((956685.9519356394 6505691.960704695, 956685.3172008449 6505692.40103733, 956688.8991406099 6505696.95065648, 956692.4999999999 6505694.200000002, 956687.6 6505687.8, 956686.165940523 6505688.929865042, 956685.9519356394 6505691.960704695)))",,,,false,2024-04-26 17:03:35.008,2025-10-16 23:18:59.234,,true,49806099,FXX,cb7fa053a68f1f360d41c8b3eaa776ba,,"LINESTRING (956688.4 6505692.3, 956688.4 6505692.3)",Batiments semblables nbpt diff,RNB_dep_73,POINT (956688.4 6505692.3),,,
BAT_RNB_0000002465941604,GJF42EHJC9JR,BATIMENT0000000284082084,"{""ext_ids"": [{""id"": ""bdnb-bc-NZUY-W1RT-JWH1"", ""source"": ""bdnb"", ""created_at"": ""2024-02-06T14:23:45.099844+00:00"", ""source_version"": ""2023_01""}], ""created_at"": ""2024-02-07T02:10:23.766729+01:00"", ""updated_at"": ""2024-02-07T02:10:23.766755+01:00"", ""identifiants_ban"": [""59360_0090_00238""]}","MULTIPOLYGON (((701377.6 7058063.9, 701377 7058058.2, 701375.8 7058058.199999998, 701375.3 7058052.8, 701368.5 7058053.299999998, 701368.9 7058059, 701369.1 7058061.699999998, 701375.9 7058061.3, 701376.1 7058063.399999999, 701373.9 7058062.599999997, 701372.5 7058066.200000001, 701377.5 7058068.2, 701379 7058064.400000001, 701377.6 7058063.9)))",,,,false,2024-04-26 17:08:43.839,2024-06-13 13:44:53.563,,true,47291702,FXX,e2d3d9293a2f9f5604624abda31bc265,,"LINESTRING (701373.1 7058060.2, 701373.1 7058060.2)",Batiments semblables nbpt diff,RNB_dep_59,POINT (701373.1 7058060.2),,,
BAT_RNB_0000002453029475,KPZ7BBK49A2T,BATIMENT0000002203540818,"{""ext_ids"": [{""id"": ""bdnb-bc-DEU7-6B47-WAN4"", ""source"": ""bdnb"", ""created_at"": ""2023-12-11T14:15:45.950399+00:00"", ""source_version"": ""2023_01""}], ""created_at"": ""2023-12-11T15:58:35.323772+01:00"", ""updated_at"": ""2023-12-11T15:58:35.323784+01:00"", ""identifiants_ban"": [""83088_0070_00021"", ""83088_0070_00019""]}","MULTIPOLYGON (((944609.0999999999 6250455.899999999, 944608.2 6250459.500000002, 944611.4158955711 6250460.408840054, 944613.9010736746 6250450.534290611, 944610.6874196922 6250449.55032123, 944609.0999999999 6250455.899999999)))",,,,false,2024-04-26 17:03:35.008,2024-06-13 13:44:54.040,,true,47291703,FXX,ea9877c9bcd4ae93e66f130cf1a8dce8,,"LINESTRING (944611.5 6250453.2, 944611.5 6250453.2)",Batiments semblables nbpt diff,RNB_dep_83,POINT (944611.5 6250453.2),,,
BAT_RNB_0000002453034088,PHKS18PYNCDT,BATIMENT0000002203401674/BATIMENT0000002203401673,"{""ext_ids"": [{""id"": ""bdnb-bc-VP1B-A4ZP-SDTT"", ""source"": ""bdnb"", ""created_at"": ""2023-12-11T14:16:08.962860+00:00"", ""source_version"": ""2023_01""}], ""created_at"": ""2023-12-13T05:09:56.144446+01:00"", ""updated_at"": ""2023-12-13T05:09:56.144457+01:00"", ""identifiants_ban"": [""83025_0098_00057""]}","MULTIPOLYGON (((937952.8999999999 6274257.199999999, 937954.3 6274251.900000001, 937948.4999999998 6274248.000000003, 937945.9 6274256.2, 937947.3 6274258.199999999, 937948.2999999999 6274257.900000001, 937948.4000000001 6274258.300000001, 937952.8999999999 6274257.199999999)))",,,,false,2024-04-26 17:03:35.008,2024-06-13 13:44:54.040,,true,47291703,FXX,f9512c3865fec09aa212ee36c15ee9ae,,"LINESTRING (937950.2 6274254.1, 937950.2 6274254.1)",Batiments BDTOPO balcon/Batiments semblables nbpt diff,RNB_dep_83,POINT (937950.2 6274254.1),,,
BAT_RNB_0000002453034106,PHSWNA21SCD4,BATIMENT0000000325953564,"{""ext_ids"": [{""id"": ""bdnb-bc-15X2-CK43-3HZ1"", ""source"": ""bdnb"", ""created_at"": ""2023-12-11T14:15:28.559602+00:00"", ""source_version"": ""2023_01""}], ""created_at"": ""2023-12-13T13:59:25.518444+01:00"", ""updated_at"": ""2023-12-13T13:59:25.518457+01:00"", ""identifiants_ban"": [""83004_0062_00559""]}","MULTIPOLYGON (((983522.7 6269559.6, 983534.8999999999 6269561.3, 983535.2086804835 6269558.477778437, 983523.3806795105 6269554.98650554, 983522.7 6269559.6)))",,,,false,2024-04-26 17:03:35.008,2024-06-13 13:44:54.040,,true,47291703,FXX,cfb5c24181d6972fcc4594d9e3a0a326,,"LINESTRING (983526.2 6269556.6, 983526.2 6269556.6)",Batiments RNB dissous semblables,RNB_dep_83,POINT (983526.2 6269556.6),,,
BAT_RNB_0000002453034205,PKF5TA7Q6XZ2,BATIMENT0000000325696213,"{""ext_ids"": [{""id"": ""bdnb-bc-CFJK-VQW2-YL6R"", ""source"": ""bdnb"", ""created_at"": ""2023-12-11T14:15:44.569142+00:00"", ""source_version"": ""2023_01""}], ""created_at"": ""2023-12-13T03:42:14.694263+01:00"", ""updated_at"": ""2023-12-13T03:42:14.694289+01:00"", ""identifiants_ban"": [""83115_0477_00007""]}","MULTIPOLYGON (((994936.2 6252660.300000001, 994937.5999999999 6252660.900000001, 994933.4000000001 6252670.400000001, 994935.2642414911 6252671.213964593, 994935.3033921386 6252671.125379913, 994939.4936685413 6252661.659159663, 994936.2116911097 6252660.2721212, 994936.2 6252660.300000001)))",,,,false,2024-04-26 17:03:35.008,2024-06-13 13:44:54.040,,true,47291703,FXX,"1749b02e623a9f8b4ac299996103ca89",,"LINESTRING (994936.4 6252666, 994936.4 6252666)",Batiments RNB dissous semblables,RNB_dep_83,POINT (994936.4 6252666),,,
BAT_RNB_0000002453034376,PPG4XJDJB5S7,BATIMENT0000000326449949,"{""ext_ids"": [{""id"": ""bdnb-bc-ZWHF-V97W-TXCF"", ""source"": ""bdnb"", ""created_at"": ""2023-12-11T14:16:14.958303+00:00"", ""source_version"": ""2023_01""}], ""created_at"": ""2023-12-11T16:05:47.911784+01:00"", ""updated_at"": ""2023-12-11T16:05:47.911806+01:00"", ""identifiants_ban"": [""83068_0099_00450""]}","MULTIPOLYGON (((988305.7172833645 6247208.051831779, 988314.6996722792 6247208.804874846, 988314.7 6247208.8, 988314.8797327027 6247208.8199702995, 988316.5022004652 6247208.955990695, 988316.8 6247203, 988344.0999999999 6247204.1, 988354.1000000001 6247204.1, 988356.4000000001 6247203.999999998, 988356.8517739726 6247191.8522998495, 988354.6560118092 6247191.803459577, 988315.9629512421 6247190.719088093, 988315.5049087033 6247190.7079618145, 988315.5 6247190.8, 988309.993503654 6247190.799999999, 988305.7172833645 6247208.051831779)))",,,,false,2024-04-26 17:03:35.008,2024-06-13 13:44:54.040,,true,47291703,FXX,"0021b162f0cc4551bb21b568d289c8e8",,"LINESTRING (988332.6 6247197.4, 988332.6 6247197.4)",Batiments RNB dissous semblables,RNB_dep_83,POINT (988332.6 6247197.4),,,
BAT_RNB_0000002440294223,TTY8NN8JN6F4,BATIMENT0000000104799454,"{""ext_ids"": [{""id"": ""bdnb-bc-X72X-MYEG-5UH4"", ""source"": ""bdnb"", ""created_at"": ""2023-12-09T20:29:25.377491+00:00"", ""source_version"": ""2023_01""}], ""created_at"": ""2023-12-12T07:22:42.203121+01:00"", ""updated_at"": ""2023-12-12T07:22:42.20314+01:00"", ""identifiants_ban"": [""36163_b109_00064""]}","MULTIPOLYGON (((621123.8 6595606.200000002, 621123.4 6595607.899999999, 621121.3 6595607.799999998, 621120.9068721372 6595610.945022902, 621126.5186439462 6595611.920877678, 621127.3289406411 6595611.983535527, 621127.7416580078 6595607.266765625, 621126.9327508833 6595607.173046237, 621126.4792304671 6595607.123416877, 621126.5462910404 6595606.474629103, 621123.8 6595606.200000002)))",,,,false,2024-04-26 15:53:23.836,2024-06-13 13:45:40.782,,true,47291704,FXX,"04b055aea9090facb941539988d7d4d3",,"LINESTRING (621124.3 6595609.4, 621124.3 6595609.4)",Batiments RNB dissous semblables,RNB_dep_36,POINT (621124.3 6595609.4),,,
BAT_RNB_0000002453034699,PWWWG85865MM,BATIMENT0000000327235248,"{""ext_ids"": [{""id"": ""bdnb-bc-HHCR-45ME-Y8L4"", ""source"": ""bdnb"", ""created_at"": ""2023-12-11T14:15:51.746443+00:00"", ""source_version"": ""2023_01""}], ""created_at"": ""2023-12-13T03:26:34.252524+01:00"", ""updated_at"": ""2023-12-13T03:26:34.252537+01:00"", ""identifiants_ban"": [""83141_952icr_00905""]}","MULTIPOLYGON (((983482.4000000001 6271995.6, 983482.5999999999 6271994.000000002, 983477.2999999998 6271993.000000002, 983470.6000000001 6271991.799999999, 983468.8 6271991.500000002, 983468.4 6271993.300000001, 983462.3 6271992.199999999, 983461 6271999.400000001, 983466.8999999999 6272000.6, 983466.7 6272002.400000002, 983470 6272003.1, 983470.7 6271999.500000001, 983476.0999999999 6272000.600000002, 983475.8 6272002.300000002, 983476.4201600818 6272002.377520011, 983479.6008514625 6272000.421091316, 983486.3447781266 6271996.25746302, 983482.4000000001 6271995.6)))",,,,false,2024-04-26 17:03:35.008,2024-06-13 13:44:54.040,,true,47291703,FXX,"19ba2c96e81bb4ff4a68c7ec10570180",,"LINESTRING (983472.4 6271997.6, 983472.4 6271997.6)",Batiments RNB dissous semblables,RNB_dep_83,POINT (983472.4 6271997.6),,,
BAT_RNB_0000002453034946,Q2DBMPZNCXSD,BATIMENT0000000353817772,"{""ext_ids"": [{""id"": ""bdnb-bc-39GS-9MFB-G6MW"", ""source"": ""bdnb"", ""created_at"": ""2023-12-11T14:15:31.551285+00:00"", ""source_version"": ""2023_01""}], ""created_at"": ""2023-12-12T22:06:48.785386+01:00"", ""updated_at"": ""2023-12-12T22:06:48.785405+01:00"", ""identifiants_ban"": [""83137_nn9xnv_00091""]}","MULTIPOLYGON (((937987.2635168254 6230537.878471109, 937987.3 6230538.8999999985, 937994.8396730365 6230539.189987425, 937994.6102139652 6230529.1, 937994.3999999999 6230529.100000001, 937994.2000000001 6230532.4, 937987.1453448872 6230532.59872268, 937987.2635168254 6230537.878471109)))",,,,false,2024-04-26 17:03:35.008,2024-06-13 13:44:54.040,,true,47291703,FXX,d6b1b113eeb9956256ba0c184099664e,,"LINESTRING (937991 6230535.4, 937991 6230535.4)",Batiments RNB dissous semblables,RNB_dep_83,POINT (937991 6230535.4),,,
BAT_RNB_0000002459964325,N7A25ZXFP4VA,BATIMENT0000000224734139,"{""ext_ids"": [{""id"": ""bdnb-bc-EET5-NR83-QWQE"", ""source"": ""bdnb"", ""created_at"": ""2023-12-10T09:42:00.042615+00:00"", ""source_version"": ""2023_01""}], ""created_at"": ""2023-12-13T14:02:30.886864+01:00"", ""updated_at"": ""2023-12-13T14:02:30.886878+01:00"", ""identifiants_ban"": [""70576_0015_00004""]}","MULTIPOLYGON (((923500.6 6764298.800000001, 923501.1001588773 6764299.428771159, 923504.4500757629 6764302.911884549, 923511.7492898089 6764296.904566796, 923508.3130770024 6764292.917144662, 923500.6 6764298.800000001)))",,,,false,2024-04-26 17:03:35.008,2024-06-13 13:44:53.563,,true,47291702,FXX,"8098b8523c1880af7198dc1891d954f7",,"LINESTRING (923506.2 6764297.9, 923506.2 6764297.9)",Batiments RNB dissous semblables,RNB_dep_70,POINT (923506.2 6764297.9),,,
BAT_RNB_0000002440294481,VAJQ5P9XFKJH,BATIMENT0000000324491258,"{""ext_ids"": [{""id"": ""bdnb-bc-ZK74-K94E-GF6K"", ""source"": ""bdnb"", ""created_at"": ""2023-12-09T20:29:26.600414+00:00"", ""source_version"": ""2023_01""}], ""created_at"": ""2023-12-11T02:06:45.479611+01:00"", ""updated_at"": ""2023-12-11T02:06:45.479632+01:00"", ""identifiants_ban"": [""36056_0100_00010""]}","MULTIPOLYGON (((604094 6605610.2, 604086.3 6605604.000000001, 604085.2342271507 6605605.311720428, 604092.5823300732 6605611.230376153, 604099.0597370589 6605615.192873729, 604099.8891501237 6605613.788700857, 604094 6605610.2)))",,,,false,2024-04-26 15:53:23.836,2024-06-13 13:45:40.782,,true,47291704,FXX,"393c103a992b18de75648d8fd07dc57f",,"LINESTRING (604089.6 6605607.8, 604089.6 6605607.8)",Batiments RNB dissous semblables,RNB_dep_36,POINT (604089.6 6605607.8),,,
BAT_RNB_0000002453035403,QAMXPQP8DAK6,BATIMENT0000000315465006,"{""ext_ids"": [{""id"": ""bdnb-bc-2XQM-1T3P-ZQBH"", ""source"": ""bdnb"", ""created_at"": ""2023-12-11T14:15:31.095056+00:00"", ""source_version"": ""2023_01""}], ""created_at"": ""2023-12-12T14:44:55.726499+01:00"", ""updated_at"": ""2023-12-12T14:44:55.726511+01:00"", ""identifiants_ban"": [""83008_0128_00171""]}","MULTIPOLYGON (((999719.2 6277813.899999999, 999717.9999999998 6277813.700000001, 999718 6277821.200000001, 999721.8054722284 6277821.2, 999722.1714916449 6277811.249929807, 999719.9066730102 6277811.249976212, 999719.2 6277813.899999999)))",,,,false,2024-04-26 17:03:35.008,2024-06-13 13:44:54.040,,true,47291703,FXX,b20fdbcd32f691ee848393b0c5f8a2fb,,"LINESTRING (999720 6277817.5, 999720 6277817.5)",Batiments RNB dissous semblables,RNB_dep_83,POINT (999720 6277817.5),,,
BAT_RNB_0000002453035414,QAT7EAGQE13W,BATIMENT0000000326444597/BATIMENT0000000326444594,"{""ext_ids"": [{""id"": ""bdnb-bc-82JB-3KXH-HWBK"", ""source"": ""bdnb"", ""created_at"": ""2023-12-11T14:15:38.320720+00:00"", ""source_version"": ""2023_01""}], ""created_at"": ""2023-12-12T09:29:35.747067+01:00"", ""updated_at"": ""2023-12-12T09:29:35.747094+01:00"", ""identifiants_ban"": [""83068_0095_00056""]}","MULTIPOLYGON (((990978.6 6248262, 990975.8999999999 6248261.4, 990972.3999999999 6248260.700000002, 990970.2 6248260.3, 990969.3150132052 6248264.134942778, 990977.2913251402 6248265.615596881, 990977.8794525318 6248265.782874208, 990978.6 6248262)))",,,,false,2024-04-26 17:03:35.008,2024-06-13 13:44:54.040,,true,47291703,FXX,"000c68344dfa9af666ef9e2970389299",,"LINESTRING (990974 6248263.1, 990974 6248263.1)",Batiments RNB dissous semblables/Batiments RNB dissous semblables,RNB_dep_83,POINT (990974 6248263.1),,,
BAT_RNB_0000002453078031,JEKN3RFR32QA,BATIMENT0000000327420893,"{""ext_ids"": [{""id"": ""bdnb-bc-UEFH-THHN-CPA2"", ""source"": ""bdnb"", ""created_at"": ""2023-12-11T14:16:07.182685+00:00"", ""source_version"": ""2023_01""}], ""created_at"": ""2023-12-11T16:22:13.460688+01:00"", ""updated_at"": ""2023-12-11T16:22:13.460714+01:00"", ""identifiants_ban"": [""83136_ntm1l3_01754"", ""83136_ntm1l3_01762""]}","MULTIPOLYGON (((966939 6269534.6, 966935.3 6269535.900000001, 966930.4 6269537.6, 966931.7 6269540.599999999, 966932.1636092516 6269541.604486714, 966935.841566792 6269540.3837265745, 966938.5963636166 6269539.408654507, 966940.6102903388 6269538.714106954, 966939.0850306468 6269534.571656451, 966939 6269534.6)))",,,,false,2024-04-26 17:03:35.008,2024-06-13 13:44:54.040,,true,47291703,FXX,"6e2c73b55d06442ccc2581f31c779cc7",,"LINESTRING (966935.5 6269538.2, 966935.5 6269538.2)",Batiments RNB dissous semblables BDTOPO,RNB_dep_83,POINT (966935.5 6269538.2),,,
BAT_RNB_0000002458719802,"21D4FF2QVQ2C",BATIMENT0000000214948636,"{""ext_ids"": [{""id"": ""bdnb-bc-GL5N-JA5U-5Y9V"", ""source"": ""bdnb"", ""created_at"": ""2023-12-10T09:59:25.542858+00:00"", ""source_version"": ""2023_01""}], ""created_at"": ""2023-12-11T14:27:04.748016+01:00"", ""updated_at"": ""2023-12-11T14:27:04.748036+01:00"", ""identifiants_ban"": [""72220_0935_00001""]}","MULTIPOLYGON (((513691.24674818857 6795825.702321181, 513686.17329206783 6795824.773912115, 513686.1132100402 6795825.220605736, 513685.6082303857 6795825.225542171, 513682.75822190446 6795825.305040503, 513682.7211132458 6795825.539731641, 513682.4552464179 6795827.303459962, 513683.70000000007 6795827.500000002, 513683.79999999993 6795827.3, 513686.6 6795827.199999999, 513687.1 6795827.200000001, 513687.2 6795826.799999998, 513692.2 6795827.699999999, 513693.2 6795823.100000001, 513691.7889400396 6795823.072332157, 513691.24674818857 6795825.702321181)))",,,,false,2024-04-26 17:03:35.008,2024-06-13 13:44:53.563,,true,47291702,FXX,"0d44319d68328549ed5d28dc8f29d2c0",,"LINESTRING (513686.5 6795825.6, 513686.5 6795825.6)",Batiments RNB dissous semblables BDTOPO,RNB_dep_72,POINT (513686.5 6795825.6),,,
BAT_RNB_0000002453389238,NNFDDTXARGZG,BATIMENT0000000327198623,"{""ext_ids"": [{""id"": ""bdnb-bc-4PV7-B9GM-62W4"", ""source"": ""bdnb"", ""created_at"": ""2023-12-11T14:15:33.587528+00:00"", ""source_version"": ""2023_01""}], ""created_at"": ""2023-12-11T16:29:59.001475+01:00"", ""updated_at"": ""2023-12-11T16:29:59.001497+01:00"", ""identifiants_ban"": [""83049_0190_00007""]}","MULTIPOLYGON (((949475.3 6242356.900000001, 949474.6 6242359.499999999, 949474.5 6242360.299999999, 949474.5 6242361.100000001, 949474.7 6242361.800000001, 949474.8 6242362.1000000015, 949475.6129793839 6242362.36606598, 949475.8126727116 6242362.031852391, 949477.1783391389 6242362.878365536, 949480.3 6242363.900000001, 949482 6242361.4, 949482.3479264544 6242360.908809711, 949476.9573361494 6242357.314334038, 949475.3 6242356.900000001)))",,,,false,2024-04-26 17:03:35.008,2024-06-13 13:44:54.040,,true,47291703,FXX,fbc24d116e8631a3324a39439e8ac298,,"LINESTRING (949477.9 6242360, 949477.9 6242360)",Batiments RNB dissous semblables BDTOPO,RNB_dep_83,POINT (949477.9 6242360),,,
BAT_RNB_0000002457007672,PW9AAE2DBGGZ,BATIMENT0000000244158896,"{""ext_ids"": [{""id"": ""bdnb-bc-C8N5-RZJE-TK2X"", ""source"": ""bdnb"", ""created_at"": ""2023-12-10T10:32:52.356802+00:00"", ""source_version"": ""2023_01""}], ""created_at"": ""2023-12-13T17:33:52.089148+01:00"", ""updated_at"": ""2023-12-13T17:33:52.089163+01:00"", ""identifiants_ban"": [""76259_1000_00014""]}","MULTIPOLYGON (((511103.1999999999 6965041.299999998, 511101.30000000005 6965041.7, 511102.1 6965042.300000001, 511103.8 6965043.6, 511104.80000000005 6965044.300000003, 511106.6 6965045.599999999, 511106.94879275444 6965045.861594565, 511109.317657529 6965042.647969218, 511104.74810943124 6965039.114433746, 511103.1999999999 6965041.299999998)))",,,,false,2024-04-26 17:03:35.008,2024-06-13 13:44:53.563,,true,47291702,FXX,d616314230a23380e09fac6e6edc24c9,,"LINESTRING (511105.7 6965042.5, 511105.7 6965042.5)",Batiments RNB dissous semblables BDTOPO,RNB_dep_76,POINT (511105.7 6965042.5),,,
BAT_RNB_0000002465754605,P73RYHNEPB5D,BATIMENT0000000056785358,"{""ext_ids"": [{""id"": ""bdnb-bc-J6SU-U9J8-X21M"", ""source"": ""bdnb"", ""created_at"": ""2024-02-06T14:23:32.470140+00:00"", ""source_version"": ""2023_01""}], ""created_at"": ""2024-02-06T16:04:51.941169+01:00"", ""updated_at"": ""2024-02-06T16:04:51.941195+01:00"", ""identifiants_ban"": [""59653_fk3h40_00017"", ""59653_fk3h40_00015""]}","MULTIPOLYGON (((696270.7365973667 7052751.244876898, 696269.7526011494 7052754.688398546, 696268.3296738862 7052759.625236021, 696268.0818403342 7052760.394196619, 696267.3616925047 7052762.299224249, 696277 7052767.700000001, 696279.1 7052764.000000001, 696270.8 7052760.4, 696272.7 7052757.599999999, 696270.4 7052756.700000001, 696271.947842911 7052751.798497448, 696270.7365973667 7052751.244876898)))",,,,false,2024-04-26 17:08:43.839,2024-06-13 13:44:53.563,,true,47291702,FXX,"2d336bb3fc8488c3733248f5ead605fe",,"LINESTRING (696270.3 7052758.6, 696270.3 7052758.6)",Batiments RNB dissous semblables BDTOPO,RNB_dep_59,POINT (696270.3 7052758.6),,,
BAT_RNB_0000002466424997,B9XW42TVSMVZ,BATIMENT0000000288869571,"{""ext_ids"": [{""id"": ""bdnb-bc-W2G9-UP2M-DW9X"", ""source"": ""bdnb"", ""created_at"": ""2024-02-06T14:24:03.633367+00:00"", ""source_version"": ""2023_01""}], ""created_at"": ""2024-02-07T09:54:28.66855+01:00"", ""updated_at"": ""2024-02-07T09:54:28.668575+01:00"", ""identifiants_ban"": [""59463_0140_00005""]}","MULTIPOLYGON (((652866.3 7092773.4, 652863.9 7092777.799999999, 652862.2332783667 7092780.948251975, 652866.6987695398 7092783.168156207, 652870.8979436478 7092776.041371882, 652866.3 7092773.4)))",,,,false,2024-04-26 17:08:43.839,2024-06-13 13:44:53.563,,true,47291702,FXX,"9e1bb5e3831ccba9a7baae07750b2068",,"LINESTRING (652866 7092779.3, 652866 7092779.3)",Batiments RNB dissous semblables BDTOPO,RNB_dep_59,POINT (652866 7092779.3),,,
BAT_RNB_0000002456310448,"1GCWV23CM59Q",BATIMENT0000000337087798,"{""ext_ids"": [{""id"": ""bdnb-bc-PWVY-7Y49-N7F8"", ""source"": ""bdnb"", ""created_at"": ""2023-12-10T10:43:19.568089+00:00"", ""source_version"": ""2023_01""}], ""created_at"": ""2023-12-11T14:56:22.12928+01:00"", ""updated_at"": ""2023-12-11T14:56:22.1293+01:00"", ""identifiants_ban"": [""77152_0330_00447""]}","MULTIPOLYGON (((669885.2 6823785.6, 669888.2 6823788.799999998, 669894.2000000001 6823794.2, 669896.6 6823791.800000001, 669890.6 6823786.6, 669898.5 6823781.4, 669896.3 6823778.200000002, 669892.2 6823781.000000001, 669885.2 6823785.6)))",,,,false,2024-04-26 17:03:35.008,2024-06-13 13:44:53.563,,true,47291702,FXX,e05ef5d35632361d7722bba49b01a398,,"LINESTRING (669888.5 6823786.1, 669888.5 6823786.1)",Batiments RNB dissous semblables BDTOPO,RNB_dep_77,POINT (669888.5 6823786.1),,,
BAT_RNB_0000002455357879,K91Y6STHN4TQ,BATIMENT0000000322049512,"{""ext_ids"": [{""id"": ""bdnb-bc-CYAN-GH2S-4X6J"", ""source"": ""bdnb"", ""created_at"": ""2023-12-10T10:52:32.978377+00:00"", ""source_version"": ""2023_01""}], ""created_at"": ""2023-12-12T23:16:06.677933+01:00"", ""updated_at"": ""2023-12-12T23:16:06.677954+01:00"", ""identifiants_ban"": [""78238_0080_00397""]}","MULTIPOLYGON (((617664.9416053692 6874304.479810631, 617666.5930524692 6874307.314573404, 617667.2532992966 6874306.88254533, 617668.5933309987 6874309.127452356, 617670 6874308.299999999, 617674.7 6874305.899999999, 617673 6874302.899999999, 617671.9713987882 6874300.375251572, 617664.9416053692 6874304.479810631)))",,,,false,2024-04-26 17:03:35.008,2024-06-13 13:44:53.563,,true,47291702,FXX,"98f1cb2d98f9cd778367deb1d44f8f6c",,"LINESTRING (617669.8 6874305.2, 617669.8 6874305.2)",Batiments RNB dissous semblables BDTOPO,RNB_dep_78,POINT (617669.8 6874305.2),,,
BAT_RNB_0000002474458113,"7K6C2DJAK8HY",BATIMENT0000000258428697,"{""ext_ids"": [{""id"": ""bdnb-bc-Q8BW-RJN8-HNEP"", ""source"": ""bdnb"", ""created_at"": ""2023-12-07T14:47:16.293888+00:00"", ""source_version"": ""2023_01""}], ""created_at"": ""2023-12-09T08:13:59.274668+01:00"", ""updated_at"": ""2023-12-09T08:13:59.274681+01:00""}","MULTIPOLYGON (((909973.8 6258468.9, 909973.8 6258473.399999999, 909979.1093708375 6258473.458344733, 909979.3269553545 6258470.056684891, 909974.8313537346 6258469.886879856, 909974.846320811 6258468.9465031475, 909973.8 6258468.9)))",,,,false,2024-05-02 17:07:14.046,2024-06-13 18:33:23.070,,true,47303331,FXX,"3c3e07cbdba9aa6c373649c608c359e3",,"LINESTRING (909976.5 6258471.7, 909976.5 6258471.7)",Batiments RNB dissous semblables BDTOPO,RNB_dep_13,POINT (909976.5 6258471.7),,,
BAT_RNB_0000002474459710,ZZR4XM1R3NHA,BATIMENT0000000257422856,"{""ext_ids"": [{""id"": ""bdnb-bc-GFDV-PPPZ-Y4QY"", ""source"": ""bdnb"", ""created_at"": ""2023-12-07T14:47:02.361584+00:00"", ""source_version"": ""2023_01""}], ""created_at"": ""2023-12-08T20:49:23.851093+01:00"", ""updated_at"": ""2023-12-08T20:49:23.851106+01:00""}","MULTIPOLYGON (((867423.9084739698 6275941.472473439, 867422.5420642494 6275943.904762319, 867425.1000000001 6275945.3, 867426.1 6275945.8, 867427.8999999999 6275942.800000001, 867427.1 6275942.200000002, 867427.4257779755 6275941.602740378, 867424.6685656254 6275940.236070835, 867423.9084739698 6275941.472473439)))",,,,false,2024-05-02 17:07:14.046,2024-06-13 18:33:23.070,,true,47303331,FXX,"5b35b46198c7d7cb94983538f326bf8f",,"LINESTRING (867425.2 6275943.4, 867425.2 6275943.4)",Batiments RNB dissous semblables BDTOPO,RNB_dep_13,POINT (867425.2 6275943.4),,,
BAT_RNB_0000002440013621,W5KPBCK6YAW6,BATIMENT0000000207272732,"{""ext_ids"": [{""id"": ""bdnb-bc-S4KG-EDPH-Q4L7"", ""source"": ""bdnb"", ""created_at"": ""2023-12-09T20:12:55.461729+00:00"", ""source_version"": ""2023_01""}], ""created_at"": ""2023-12-12T21:08:24.55215+01:00"", ""updated_at"": ""2023-12-12T21:08:24.552183+01:00""}","MULTIPOLYGON (((791920.1 6288059.400000001, 791922.3 6288053.8999999985, 791920.4538711357 6288053.21984726, 791918.3062108436 6288058.67278818, 791920.1 6288059.400000001)))",,,,false,2024-04-26 15:53:17.531,2024-06-13 18:33:23.070,,true,47303331,FXX,cdf99e31b41e7309c0b99e0214b21900,,"LINESTRING (791920.3 6288056.3, 791920.3 6288056.3)",Batiments inclus,RNB_dep_34,POINT (791920.3 6288056.3),,,
BAT_RNB_0000002453490998,SWVNSDRYDVGG,BATIMENT0000000294746902,"{""ext_ids"": [{""id"": ""bdnb-bc-CDUU-2PT6-2SJX"", ""source"": ""bdnb"", ""created_at"": ""2023-12-10T11:25:07.789340+00:00"", ""source_version"": ""2023_01""}], ""created_at"": ""2023-12-13T13:23:05.021947+01:00"", ""updated_at"": ""2023-12-13T13:23:05.021966+01:00""}","MULTIPOLYGON (((616827.9474944879 6339640.996703952, 616833.5478018522 6339641.622968283, 616833.6708709592 6339641.606614135, 616841.1 6339635.3999999985, 616843.6000000001 6339626.000000002, 616835.3815071767 6339623.822450621, 616833.5762782396 6339627.989071386, 616832.6151053596 6339630.211623308, 616837.1 6339632.1, 616832.3 6339639.200000001, 616829.2827059777 6339637.913940253, 616827.9474944879 6339640.996703952)))",,,,false,2024-04-26 17:03:35.008,2024-06-13 18:33:23.070,,true,47303331,FXX,"22dcdc09bd43b2e6abfb131cc5c87ed6",,"LINESTRING (616838.8 6339633.8, 616838.8 6339633.8)",Batiments inclus,RNB_dep_82,POINT (616838.8 6339633.8),,,
BAT_RNB_0000002459027248,CASK7MYW329E,BATIMENT0000000291628663,"{""ext_ids"": [{""id"": ""bdnb-bc-PUDV-3GZ4-5XAP"", ""source"": ""bdnb"", ""created_at"": ""2023-12-09T22:20:44.222357+00:00"", ""source_version"": ""2023_01""}], ""created_at"": ""2023-12-13T15:21:26.493577+01:00"", ""updated_at"": ""2023-12-13T15:21:26.493604+01:00""}","MULTIPOLYGON (((572309.5306239281 6379535.106222914, 572311.5 6379538, 572312.7 6379537.199999999, 572313.4 6379536.600000001, 572311.0751259985 6379533.500167999, 572309.5306239281 6379535.106222914)))",,,,false,2024-04-26 17:03:35.008,2024-06-13 18:33:23.070,,true,47303331,FXX,"291cabef36dee0e5aac391d137a50439",,"LINESTRING (572311.4 6379535.9, 572311.4 6379535.9)",Batiments inclus,RNB_dep_46,POINT (572311.4 6379535.9),,,
BAT_RNB_0000002471812759,KQTGVHQ4437K,BATIMENT0000000270364810,"{""ext_ids"": [{""id"": ""bdnb-bc-PLD9-W1AC-SCRK"", ""source"": ""bdnb"", ""created_at"": ""2023-12-09T22:35:21.075309+00:00"", ""source_version"": ""2023_01""}], ""created_at"": ""2023-12-13T06:38:15.096735+01:00"", ""updated_at"": ""2023-12-13T06:38:15.096765+01:00""}","MULTIPOLYGON (((778971.7 6373992.000000001, 778971.7 6373993.099999999, 778970.7000000001 6373993.199999999, 778970.6999999998 6373998.000000001, 778972.3 6373998.100000001, 778973.003371184 6373998.089806212, 778973.0510294569 6373993.727677786, 778974.0371943468 6373993.762295046, 778974.083538678 6373992.607488012, 778979.3645441207 6373992.816860198, 778979.4 6373991.700000001, 778971.7 6373992.000000001)))",,,,false,2024-04-26 17:08:43.839,2024-06-13 18:33:23.070,,true,47303331,FXX,"4e63476973d523691bf46b6e8540c9a4",,"LINESTRING (778971.9 6373995.9, 778971.9 6373995.9)",Batiments inclus,RNB_dep_48,POINT (778971.9 6373995.9),,,
BAT_RNB_0000002474682547,"7K7SZXEBQ287",BATIMENT0000000331857056,"{""ext_ids"": [{""id"": ""bdnb-bc-REV8-QY9Z-LAM7"", ""source"": ""bdnb"", ""created_at"": ""2023-12-07T15:43:59.665046+00:00"", ""source_version"": ""2023_01""}], ""created_at"": ""2023-12-07T16:44:12.120046+01:00"", ""updated_at"": ""2023-12-07T16:44:12.120058+01:00""}","MULTIPOLYGON (((1176579.4000000001 6108595.900000002, 1176576.1 6108596.100000001, 1176576.2848557252 6108597.948557255, 1176579.6561942985 6108597.65821775, 1176580.3382955277 6108597.562779499, 1176580.2868696328 6108596.66616971, 1176580.2073852825 6108595.245262016, 1176579.4 6108595.300000002, 1176579.4000000001 6108595.900000002)))",,,,false,2024-05-13 17:41:49.542,2024-06-13 18:33:23.070,,true,47303331,FXX,a3fade63076e1b76f173fb96d08efe54,,"LINESTRING (1176578.2 6108597, 1176578.2 6108597)",Batiments inclus,RNB_dep_2A,POINT (1176578.2 6108597),,,
BAT_RNB_0000002430865535,BNM249GRB2PQ,BATIMENT0000002287902961,"{""ext_ids"": [{""id"": ""bdnb-bc-7MAC-GMMB-3U57"", ""source"": ""bdnb"", ""created_at"": ""2023-12-07T14:06:30.402005+00:00"", ""source_version"": ""2023_01""}], ""created_at"": ""2023-12-09T07:01:42.021567+01:00"", ""updated_at"": ""2023-12-09T07:01:42.021581+01:00""}","MULTIPOLYGON (((812575.345283379 6971869.051152951, 812577.6 6971868.500000001, 812576.1 6971857.400000001, 812575.345283379 6971857.504098845, 812575.345283379 6971869.051152951)))",,,,false,2024-04-26 15:43:33.064,2024-06-13 18:33:23.070,,true,47303331,FXX,cf3ec3f429c331deaea89f30308d70b2,,"LINESTRING (812576.1 6971863, 812576.1 6971863)",Batiments inclus,RNB_dep_08,POINT (812576.1 6971863),,,
BAT_RNB_0000002432075132,NTZGKW9JMQT8,BATIMENT0000000339891778,"{""ext_ids"": [{""id"": ""bdnb-bc-NC8D-B4VX-429P"", ""source"": ""bdnb"", ""created_at"": ""2023-12-07T14:37:04.862256+00:00"", ""source_version"": ""2023_01""}], ""created_at"": ""2023-12-08T23:45:22.232969+01:00"", ""updated_at"": ""2023-12-08T23:45:22.23299+01:00""}","MULTIPOLYGON (((705886.8708488633 6311676.675944406, 705885.7513563121 6311677.014768168, 705886.9 6311680.7, 705917.5 6311671.4, 705916.4 6311668.500000001, 705916.1740394494 6311667.822118349, 705886.8708488633 6311676.675944406)))",,,,false,2024-04-26 15:44:29.378,2024-06-13 18:33:23.070,,true,47303331,FXX,"28bd81551a7014baad96a002cb337906",,"LINESTRING (705902.2 6311674, 705902.2 6311674)",Batiments inclus,RNB_dep_12,POINT (705902.2 6311674),,,
BAT_RNB_0000002438867201,DZBANQXHAVMC,BATIMENT0000002322889056,"{""ext_ids"": [{""id"": ""bdnb-bc-K95D-F491-66U7"", ""source"": ""bdnb"", ""created_at"": ""2023-12-09T20:03:24.478710+00:00"", ""source_version"": ""2023_01""}], ""created_at"": ""2023-12-11T14:28:00.036843+01:00"", ""updated_at"": ""2023-12-11T14:28:00.036862+01:00""}","MULTIPOLYGON (((428385.7 6439748.5, 428378.7000000002 6439747.200000001, 428375.99999999994 6439746.699999999, 428375.88704987423 6439747.287340656, 428377.8116330758 6439747.981312142, 428385.48785236315 6439750.550760491, 428385.7 6439748.5)))",,,,false,2024-04-26 15:48:16.459,2024-06-13 18:33:23.070,,true,47303331,FXX,b83b399d66d8cb32f89df16724bbd7e2,,"LINESTRING (428381.4 6439748.3, 428381.4 6439748.3)",Batiments inclus,RNB_dep_33,POINT (428381.4 6439748.3),,,
BAT_RNB_0000002474799280,"822Y5QJSAWZ9",BATIMENT0000000351777198,"{""ext_ids"": [{""id"": ""bdnb-bc-H9XW-UTWX-WRFN"", ""source"": ""bdnb"", ""created_at"": ""2023-12-07T15:50:39.713218+00:00"", ""source_version"": ""2023_01""}], ""created_at"": ""2023-12-07T16:50:54.071338+01:00"", ""updated_at"": ""2023-12-07T16:50:54.071357+01:00""}","MULTIPOLYGON (((1229090.9314303133 6157719.581681287, 1229092.4 6157720.1, 1229094.9119899853 6157717.511889107, 1229091.8024862395 6157716.701676228, 1229090.9314303133 6157719.581681287)))",,,,false,2024-05-13 17:42:01.328,2024-06-13 18:33:23.070,,true,47303331,FXX,"39bef49ba1a1ab1a90741290eaba46c5",,"LINESTRING (1229092.6 6157718.5, 1229092.6 6157718.5)",Batiments inclus,RNB_dep_2B,POINT (1229092.6 6157718.5),,,
BAT_RNB_0000002431993654,"3FPVSMFZ1KBJ",BATIMENT0000000253533197,"{""ext_ids"": [{""id"": ""bdnb-bc-7KWA-9ZP9-N2ZM"", ""source"": ""bdnb"", ""created_at"": ""2023-12-07T14:36:53.915139+00:00"", ""source_version"": ""2023_01""}], ""created_at"": ""2023-12-08T20:42:51.480168+01:00"", ""updated_at"": ""2023-12-08T20:42:51.480188+01:00""}","MULTIPOLYGON (((673957.9 6384047.500000002, 673958 6384050.6, 673960.4218163405 6384050.9363633795, 673960.4470558037 6384049.527495873, 673960.4047921834 6384047.808282115, 673957.9 6384047.500000002)))",,,,false,2024-04-26 15:44:29.378,2024-06-13 18:33:23.070,,true,47303331,FXX,e1ab029f5270081a7006f98bbd0c1662,,"LINESTRING (673959.2 6384048.7, 673959.2 6384048.7)",Batiments inclus,RNB_dep_12,POINT (673959.2 6384048.7),,,